category_id,name,description
C001,Smartphones,Android and iOS mobile phones.
C002,Laptops,"Laptops for work, study and gaming."
C003,Audio,"Earbuds, headphones and portable speakers."
C004,Kitchen Appliances,"Air fryers, blenders, mixer grinders, cookers and kettles."
C005,Snacks,"Packaged namkeen, sweets and banana chips."
C006,Dairy,"Butter, ghee, cheese and flavoured milk."
C007,Footwear,Running shoes and sneakers.
C008,Bags,"Backpacks, rucksacks and duffel bags."
C009,Tablets,Tablets for study and entertainment.
