order_item_id,order_id,product_id,quantity,unit_price_inr
OI001,ORD001,P001,1,79900
OI002,ORD001,P014,1,24900
OI003,ORD002,P010,1,72990
OI004,ORD002,P043,1,2199
OI005,ORD003,P028,2,110
OI006,ORD003,P033,1,285
OI007,ORD003,P034,1,675
OI008,ORD004,P021,1,8999
OI009,ORD004,P027,1,999
OI010,ORD005,P037,1,11999
OI011,ORD005,P044,1,1499
OI012,ORD006,P003,1,74999
OI013,ORD006,P015,1,6999
OI014,ORD007,P029,3,90
OI015,ORD007,P030,2,115
OI016,ORD007,P031,1,150
OI017,ORD008,P009,1,114900
OI018,ORD008,P014,1,24900
OI019,ORD009,P024,1,2395
OI020,ORD009,P025,1,3299
OI021,ORD010,P016,2,1299
OI022,ORD010,P005,1,18999
OI023,ORD011,P041,1,3499
OI024,ORD011,P040,1,2999
OI025,ORD012,P033,2,285
OI026,ORD012,P035,3,145
OI027,ORD013,P012,1,124990
OI028,ORD013,P018,1,3999
OI029,ORD014,P006,1,59900
OI030,ORD014,P017,1,1499
OI031,ORD015,P038,1,4999
OI032,ORD015,P045,1,2499
OI033,ORD016,P022,1,2795
OI034,ORD016,P029,2,90
OI035,ORD017,P032,2,120
OI036,ORD017,P036,2,180
OI037,ORD018,P004,1,39999
OI038,ORD018,P019,1,1999
OI039,ORD019,P011,1,64990
OI040,ORD019,P042,1,1499
OI041,ORD020,P023,1,3999
OI042,ORD020,P026,1,2799
OI043,ORD021,P020,1,2999
OI044,ORD021,P018,1,3999
OI045,ORD022,P007,1,36999
OI046,ORD022,P016,1,1299
OI047,ORD023,P039,1,3999
OI048,ORD023,P042,1,1499
OI049,ORD024,P013,1,69990
OI050,ORD025,P028,1,110
OI051,ORD025,P030,1,115
OI052,ORD025,P034,1,675
OI053,ORD026,P002,1,69900
OI054,ORD026,P015,1,6999
OI055,ORD027,P008,1,14999
OI056,ORD027,P019,1,1999
OI057,ORD028,P037,1,11999
OI058,ORD028,P045,1,2499
OI059,ORD029,P021,1,8999
OI060,ORD029,P025,1,3299
OI061,ORD030,P029,4,90
OI062,ORD030,P031,2,150
OI063,ORD031,P010,1,72990
OI064,ORD031,P043,1,2199
OI065,ORD032,P014,1,24900
OI066,ORD032,P017,1,1499
OI067,ORD033,P024,1,2395
OI068,ORD033,P027,1,999
OI069,ORD033,P033,1,285
OI070,ORD034,P038,1,4999
OI071,ORD034,P041,1,3499
OI072,ORD035,P003,1,74999
OI073,ORD035,P020,1,2999
OI074,ORD036,P035,2,145
OI075,ORD036,P036,3,180
OI076,ORD036,P032,1,120
OI077,ORD037,P009,1,114900
OI078,ORD037,P018,1,3999
OI079,ORD038,P040,1,2999
OI080,ORD038,P039,1,3999
OI081,ORD039,P001,1,79900
OI082,ORD039,P016,1,1299
OI083,ORD040,P029,2,90
OI084,ORD040,P034,1,675
