order_id,customer_id,order_date,status,payment_method,delivery_note
ORD001,CU001,2026-01-05,Delivered,UPI,
ORD002,CU002,2026-01-09,Delivered,Credit Card,
ORD003,CU003,2026-01-14,Delivered,Cash on Delivery,
ORD004,CU004,2026-01-18,Delivered,UPI,Call before delivery
ORD005,CU005,2026-01-23,Delivered,Debit Card,
ORD006,CU006,2026-01-29,Delivered,Credit Card,
ORD007,CU007,2026-02-03,Delivered,UPI,
ORD008,CU008,2026-02-08,Delivered,Credit Card,Deliver to office reception
ORD009,CU009,2026-02-12,Cancelled,UPI,
ORD010,CU010,2026-02-17,Delivered,Debit Card,
ORD011,CU011,2026-02-22,Delivered,UPI,
ORD012,CU001,2026-02-27,Delivered,UPI,
ORD013,CU012,2026-03-04,Delivered,Credit Card,
ORD014,CU013,2026-03-09,Delivered,Net Banking,
ORD015,CU014,2026-03-14,Delivered,UPI,
ORD016,CU015,2026-03-20,Delivered,UPI,Please pack the banana chips separately from the blender
ORD017,CU003,2026-03-25,Delivered,Cash on Delivery,
ORD018,CU016,2026-03-31,Delivered,Credit Card,
ORD019,CU017,2026-04-05,Delivered,Credit Card,
ORD020,CU018,2026-04-11,Delivered,Debit Card,Leave with the building security
ORD021,CU006,2026-04-16,Delivered,UPI,
ORD022,CU019,2026-04-22,Delivered,Net Banking,
ORD023,CU020,2026-04-28,Delivered,UPI,
ORD024,CU002,2026-05-04,Delivered,Credit Card,
ORD025,CU021,2026-05-10,Delivered,Cash on Delivery,
ORD026,CU008,2026-05-16,Cancelled,Credit Card,
ORD027,CU022,2026-05-22,Delivered,UPI,
ORD028,CU011,2026-05-28,Delivered,Debit Card,
ORD029,CU023,2026-06-03,Delivered,UPI,Gift wrap please
ORD030,CU015,2026-06-10,Delivered,UPI,
ORD031,CU024,2026-06-17,Delivered,Credit Card,
ORD032,CU012,2026-06-24,Delivered,UPI,
ORD033,CU025,2026-07-02,Delivered,Cash on Delivery,
ORD034,CU005,2026-07-10,Delivered,Debit Card,
ORD035,CU009,2026-07-19,Delivered,Credit Card,
ORD036,CU017,2026-07-28,Delivered,UPI,
ORD037,CU019,2026-08-06,Delivered,Credit Card,
ORD038,CU013,2026-08-18,Delivered,UPI,
ORD039,CU021,2026-09-22,Shipped,Credit Card,
ORD040,CU007,2026-09-27,Processing,UPI,
