vendor_id,name,city,state,speciality
V001,TechWorld Retail,Bengaluru,Karnataka,"Smartphones, tablets and Apple products"
V002,DigitalKart,New Delhi,Delhi,Mobile phones and audio accessories
V003,SoundBox India,Mumbai,Maharashtra,"Headphones, earbuds and speakers"
V004,HomeChef Appliances,Pune,Maharashtra,Kitchen and home appliances
V005,FreshBasket Wholesale,Kochi,Kerala,"Dry fruits, namkeen and Kerala banana chips wholesaler"
V006,Gujarat Dairy Distributors,Ahmedabad,Gujarat,Dairy products
V007,StrideSports,Chennai,Tamil Nadu,Sports footwear
V008,TrailGear Outfitters,Dehradun,Uttarakhand,Backpacks and travel bags
V009,LaptopZone,Hyderabad,Telangana,Laptops and computer accessories
